,ROC-AUC,PR-AUC,Precision,Recall,F1,Threshold
CatBoost,0.9918549661959961,0.3033754950795997,0.35135135135135137,0.38235294117647056,0.36619718309859156,0.9772154130706152
